<?xml version="1.0" encoding="UTF-8"?>
<!DOCTYPE IAT SYSTEM "https://implicit.harvard.edu/implicit/research/library/dtd/ImplicitIAT_001.dtd">
<IAT>
  <IATName>iata</IATName>
  <Categories>
    <Category fontSize="22" color="00ff00">
      <CategoryNumber>0</CategoryNumber>
      <Stimuli>
        <CategoryName>Unpleasant</CategoryName>
        <Stimulus type="word">agony</Stimulus>
        <Stimulus type="word">death</Stimulus>
        <Stimulus type="word">detest</Stimulus>
        <Stimulus type="word">disaster</Stimulus>
        <Stimulus type="word">humiliate</Stimulus>
		<Stimulus type="word">jealousy</Stimulus>
        <Stimulus type="word">punishment</Stimulus>
        <Stimulus type="word">stress</Stimulus>
		<Stimulus type="word">tragedy</Stimulus>
		<Stimulus type="word">war</Stimulus>		
	</Stimuli>
    </Category>
    <Category fontSize="20">
      <CategoryNumber>1</CategoryNumber>
      <Stimuli>
        <CategoryName>Mathematics</CategoryName>
        <Stimulus type="word">math</Stimulus>
        <Stimulus type="word">algebra</Stimulus>
        <Stimulus type="word">geometry</Stimulus>
        <Stimulus type="word">calculus</Stimulus>
        <Stimulus type="word">equations</Stimulus>
		<Stimulus type="word">computation</Stimulus>
        <Stimulus type="word">numbers</Stimulus>
        <Stimulus type="word">Newton</Stimulus>
      </Stimuli>
    </Category>
    <Category color="00ff00" fontSize="22">
      <CategoryNumber>2</CategoryNumber>
      <Stimuli>
        <CategoryName>Pleasant</CategoryName>
        <Stimulus type="word">ambition</Stimulus>
        <Stimulus type="word">cuddle</Stimulus>
        <Stimulus type="word">excitement</Stimulus>
        <Stimulus type="word">glory</Stimulus>
        <Stimulus type="word">joy</Stimulus>
		<Stimulus type="word">love</Stimulus>
        <Stimulus type="word">paradise</Stimulus>
        <Stimulus type="word">pleasure</Stimulus>
		<Stimulus type="word">romantic</Stimulus>
		<Stimulus type="word">miracle</Stimulus>
      </Stimuli>
    </Category>
    <Category fontSize="20">
      <CategoryNumber>3</CategoryNumber>
      <Stimuli>
        <CategoryName>Arts</CategoryName>
        <Stimulus type="word">poetry</Stimulus>
		<Stimulus type="word">art</Stimulus>
        <Stimulus type="word">Shakespeare</Stimulus>
        <Stimulus type="word">dance</Stimulus>
        <Stimulus type="word">literature</Stimulus>
        <Stimulus type="word">novel</Stimulus>
		<Stimulus type="word">symphony</Stimulus>
        <Stimulus type="word">drama</Stimulus>
      </Stimuli>
    </Category>
  </Categories>
  <Block>
    <Instructions><![CDATA[<p><font face="Arial" size="14" color="#FFFFFF">Put your middle or index fingers on the <b>E</b> and <b>I</b> keys of your keyboard. Words or images representing the categories at the top will appear one-by-one in the middle of the screen. When the item belongs to a category on the left, press the <b>E</b> key; when the item belongs to a category on the right, press the <b>I</b> key. Items belong to only one category. If you make an error, an <font color="#FF0000"><b>X</b></font> will appear - fix the error by hitting the other key.</font></p><p></p><p><font face="Arial" size="14" color="#FFFFFF">This is a timed sorting task. <b>GO AS FAST AS YOU CAN</b> while making as few mistakes as possible. Going too slow or making too many errors will result in an uninterpretable score. This task will take about 5 minutes to complete.</font></p><p></p><p align="CENTER"><font face="Arial" size="14" color="#FFFFFF">Press the <b>space bar</b> to begin.</font></p>]]></Instructions>
    <BlockNumber>0</BlockNumber>
    <TrialCount>10</TrialCount>
    <BlockPairingDefinition>1,3</BlockPairingDefinition>
  </Block>
  <Block>
    <Instructions><![CDATA[<font size="14"><p><b>See above, the categories have changed.</b> The items for sorting have changed as well. The rules, however, are the same.</p><br /><p>When the items belongs to a category on the left, press the <b>E</b> key; when the item belongs to a category on the right, press the <b>I</b> key. Items belong to only one category. An <font color="#FF0000"><b>X</b></font> appears after an error - fix the error by hitting the other key. <b>GO AS FAST AS YOU CAN.</b></p><br /><p align="center">Press the <b>space bar</b> to begin.</p></font>]]></Instructions>
    <BlockNumber>1</BlockNumber>
    <TrialCount>10</TrialCount>
    <BlockPairingDefinition>2,0</BlockPairingDefinition>
  </Block>
  <Block>
    <Instructions><![CDATA[<font size="14"><p><b>See above, the four categories you saw separately now appear together.</b> Remember, each item belongs to only one group. For example, if the categories <b>flower</b> and <b>good</b> appeared on separate sides above - pictures or words meaning <b>flower</b> would go in the <b>flower</b> category, not the <b>good</b> category.</p><br /><p>The <font color="#33FF33"><b>green</b></font> and <b>white</b> labels and items may help to identify the appropriate category. Use the <b>E</b> and <b>I</b> keys to categorize items into the four groups <b>left</b> and <b>right</b>, and correct errors by hitting the other key.</p><br /><p align="center">Press the <b>space bar</b> to begin</p></font>]]></Instructions>
    <BlockNumber>2</BlockNumber>
    <TrialCount>10</TrialCount>
    <BlockPairingDefinition>1,3,2,0</BlockPairingDefinition>
  </Block>
  <Block>
    <Instructions><![CDATA[<font size="14"><p><b>Sort the same four categories again.</b> Remember to go as fast as you can while making as few mistakes as possible.</p><br /><p>The <font color="#33FF33"><b>green</b></font> and <b>white</b> labels and items may help to identify the appropriate category. Use the <b>E</b> and <b>I</b> keys to categorize items into the four groups <b>left</b> and <b>right</b>, and correct errors by hitting the other key.</p><br /><p align="center">Press the <b>space bar</b> to begin.</p></font>]]></Instructions>
    <BlockNumber>3</BlockNumber>
    <TrialCount>20</TrialCount>
    <BlockPairingDefinition>1,3,2,0</BlockPairingDefinition>
  </Block>
  <Block>
    <Instructions><![CDATA[<font size="14"><p><b>Notice above, there are only two categories and they have switched positions.</b> The concept that was previously on the left is now on the right, and the concept that was on the right is now on the left. Practice this new configuration.</p><br /><p>Use the <b>E</b> and <b>I</b> keys to categorize items left and right, and correct errors by hitting the other key.</p><br /><p align="center">Press the <b>space bar</b> to begin.</p></font>]]></Instructions>
    <BlockNumber>4</BlockNumber>
    <TrialCount>20</TrialCount>
    <BlockPairingDefinition>3,1</BlockPairingDefinition>
  </Block>
  <Block>
    <Instructions><![CDATA[<font size="14"><p><b>See above, the four categories now appear together in a new configuration.</b> Remember, each item belongs to only one group.</p><br /><p>The <font color="#33FF33"><b>green</b></font> and <b>white</b> labels and items may help to identify the appropriate category. Use the <b>E</b> and <b>I</b> keys to categorize items into the four groups <b>left</b> and <b>right</b>, and correct errors by hitting the other key.</p><br /><p align="center">Press the <b>space bar</b> to begin.</p><font>]]></Instructions>
    <BlockNumber>5</BlockNumber>
    <TrialCount>10</TrialCount>
    <BlockPairingDefinition>3,1,2,0</BlockPairingDefinition>
  </Block>
  <Block>
    <Instructions><![CDATA[<font size="14"><p><b>Sort the same four categories again.</b> Remember to go as fast as you can while making as few mistakes as possible.</p><br /><p>The <font color="#33FF33"><b>green</b></font> and <b>white</b> labels and items may help to identify the appropriate category. Use the <b>E</b> and <b>I</b> keys to categorize items into the four groups <b>left</b> and <b>right</b>, and correct errors by hitting the other key.</p><br /><p align="center">Press the <b>space bar</b> to begin.</p></font>]]></Instructions>
    <BlockNumber>6</BlockNumber>
    <TrialCount>20</TrialCount>
    <BlockPairingDefinition>3,1,2,0</BlockPairingDefinition>
  </Block>
  <Results>
    <Result id="0" cutoff="-.65">Your data suggest a strong preference for Mathematics compared to Arts.</Result>
    <Result id="1" cutoff="-.35">Your data suggest a moderate preference for Mathematics compared to Arts.</Result>
    <Result id="2" cutoff="-.15">Your data suggest a slight preference for Mathematics compared to Arts.</Result>
    <Result id="3" cutoff="0">Your data suggest little or no preference for Mathematics compared Arts.</Result>
    <Result id="4" cutoff=".15">Your data suggest a slight preference for Arts compared to Mathematics.</Result>
    <Result id="5" cutoff=".35">Your data suggest a moderate preference for Arts compared to Mathematics.</Result>
    <Result id="6" cutoff=".65">Your data suggest a strong preference for Arts compared to Mathematics.</Result>
  </Results>
  <ReportBlocks>2,3,5,6</ReportBlocks>
</IAT>
